naics4,cust_int,cust_int_indirect,total_linkage,cons_share,naics4_title
1111,0.3381432314925149,0.33470392883886235,112764.0,0.027109214368401954,Oilseed and Grain Farming
1112,0.3381432314925149,0.3226788649487503,2696.0,0.9217308477343856,Vegetable and Melon Farming
1113,0.3381432314925149,0.35984202804225346,23119.0,0.6007930810515161,Fruit and Tree Nut Farming
1119,0.3381432314925149,0.35200004798355533,26874.0,0.22748160469115616,Other Crop Farming
1133,0.3636660817535963,0.29677374530454675,26417.0,0.0,Logging
1151,0.3381432314925149,0.35357376178273436,25870.0,0.009456182888811915,Support Activities for Crop Production
1152,0.5118564847197777,0.35357376178273436,25870.0,0.009456182888811915,Support Activities for Animal Production
2111,0.36415341790637695,0.31030040707235695,647308.0,0.0,Oil and Gas Extraction
2121,0.38432766441087196,0.3600844752615212,37620.0,0.002504372714262999,Coal Mining
2122,0.3389077447439353,0.31754522172043353,22532.0,0.0,Metal Ore Mining
2123,0.42514563547453504,0.4060155356574756,35936.0,0.0033350230783597023,Nonmetallic Mineral Mining and Quarrying
2131,0.3727664251761142,0.3669335220905409,15847.0,0.0,Support Activities for Mining
2211,0.4254461008008262,0.45245111238558394,258043.0,0.3809148246582183,"Electric Power Generation, Transmission and Distribution"
2212,0.41826789269758663,0.41620361321633653,39416.0,0.4737235953134354,Natural Gas Distribution
2213,0.49287343800276956,0.43128495984272325,26943.0,0.5058673172998722,"Water, Sewage and Other Systems"
2361,0.4693721515692776,0.4785138238562597,112081.0,0.0,Residential Building Construction
2362,0.4557655579779794,0.4785138238562597,112081.0,0.0,Nonresidential Building Construction
2371,0.518615622823666,0.4785138238562597,112081.0,0.0,Utility System Construction
2372,0.5232813734439111,0.4785138238562597,112081.0,0.0,Land Subdivision
2373,0.5188029367347116,0.4785138238562597,112081.0,0.0,"Highway, Street, and Bridge Construction"
2379,0.4967623165793953,0.4785138238562597,112081.0,0.0,Other Heavy and Civil Engineering Construction
2381,0.42978795139014375,0.4785138238562597,112081.0,0.0,"Foundation, Structure, and Building Exterior Contractors"
2382,0.5170436987417002,0.4785138238562597,112081.0,0.0,Building Equipment Contractors
2383,0.44168604166663694,0.4785138238562597,112081.0,0.0,Building Finishing Contractors
2389,0.5145142786714187,0.4785138238562597,112081.0,0.0,Other Specialty Trade Contractors
3111,0.36528153896209037,0.3781957427772421,51904.0,0.38272535601126045,Animal Food Manufacturing
3112,0.3146394517070586,0.37088282615600565,91745.0,0.2672248784983419,Grain and Oilseed Milling
3113,0.3701729538438559,0.3711118911594958,18295.0,0.655196034249662,Sugar and Confectionery Product Manufacturing
3114,0.30853523041429687,0.3220475725410478,17474.0,0.7637474164218253,Fruit and Vegetable Preserving and Specialty Food Manufacturing
3115,0.34329700550583,0.3376327430942281,50729.0,0.5524535556012091,Dairy Product Manufacturing
3116,0.3182221185238692,0.3312669364038031,79760.0,0.6150452807405916,Animal Slaughtering and Processing
3117,0.3327288814884415,0.2964301005920896,7481.0,0.4539219888555508,Seafood Product Preparation and Packaging
3118,0.4255659041049058,0.31648064171247725,8201.0,0.9057837902796615,Bakeries and Tortilla Manufacturing
3119,0.3569010544157248,0.34381543897481526,38076.0,0.6962317701806555,Other Food Manufacturing
3121,0.48043027317388093,0.2981050898902328,41987.0,0.7999256195754939,Beverage Manufacturing
3122,0.309160103266294,0.30922911573533624,1948.0,0.9608188199122115,Tobacco Manufacturing
3131,0.20035167348008198,0.28705205654395394,4424.0,0.065,"Fiber, Yarn, and Thread Mills"
3132,0.22967379833411342,0.33369849781880034,14516.0,0.18965242769965507,Fabric Mills
3133,0.3087288380899195,0.3420646756788942,10304.0,0.08617077003666841,Textile and Fabric Finishing and Fabric Coating Mills
3141,0.2682448883104653,0.44305396177487893,11467.0,0.779276866999499,Textile Furnishings Mills
3149,0.2970160562169401,0.5194890417091376,15067.0,0.40387861251765356,Other Textile Product Mills
3151,0.23340292096806495,0.5020588061330503,5997.0,0.9676483351598644,Apparel Knitting Mills
3152,0.2972677731387384,0.5020588061330503,5997.0,0.9676483351598644,Cut and Sew Apparel Manufacturing
3159,0.2591685845520353,0.5020588061330503,5997.0,0.9676483351598644,Apparel Accessories and Other Apparel Manufacturing
3161,0.2892359992843085,0.3519345459949629,8778.0,0.9119136499117401,Leather and Hide Tanning and Finishing
3162,0.3008885228039887,0.3519345459949629,8778.0,0.9119136499117401,Footwear Manufacturing
3169,0.3176565182461211,0.3519345459949629,8778.0,0.9119136499117401,Other Leather and Allied Product Manufacturing
3211,0.2965809753753291,0.35113607414087583,32979.0,0.0,Sawmills and Wood Preservation
3212,0.2649476015911654,0.40860998130100784,24659.0,0.0,"Veneer, Plywood, and Engineered Wood Product Manufacturing"
3219,0.2980597910445966,0.45113843568326895,40594.0,0.1628531941031941,Other Wood Product Manufacturing
3221,0.27275848212895093,0.3697414933824683,76113.0,0.20538150073227465,"Pulp, Paper, and Paperboard Mills"
3222,0.3083060788279186,0.3856634256673536,89195.0,0.1902457491811104,Converted Paper Product Manufacturing
3231,0.4146314282449456,0.5080800558976912,58309.0,0.13679475431685925,Printing and Related Support Activities
3241,0.3011535834280571,0.46946467933051594,428636.0,0.41028656502934246,Petroleum and Coal Products Manufacturing
3251,0.2813992036257371,0.31489535343516056,297884.0,0.004937090884907829,Basic Chemical Manufacturing
3252,0.2813992036257371,0.26793752129694853,103628.0,0.0,"Resin, Synthetic Rubber, and Artificial and Synthetic Fibers and Filaments Manufacturing"
3253,0.2813992036257371,0.3585179524670264,61421.0,0.06674897119341563,"Pesticide, Fertilizer, and Other Agricultural Chemical Manufacturing"
3254,0.30477106326979453,0.4933559124315168,102047.0,0.7700261398669124,Pharmaceutical and Medicine Manufacturing
3255,0.3196188922606228,0.34804487409567186,34695.0,0.13054811205846528,"Paint, Coating, and Adhesive Manufacturing"
3256,0.3196188922606228,0.447130819736096,23305.0,0.7861278281404739,"Soap, Cleaning Compound, and Toilet Preparation Manufacturing"
3259,0.2813992036257371,0.38048950351870875,45043.0,0.07331222695838271,Other Chemical Product and Preparation Manufacturing
3261,0.25322916631007103,0.39459010772230996,202664.0,0.11216323512731215,Plastics Product Manufacturing
3262,0.28272864491057703,0.35300519008337927,43459.0,0.40437118879430056,Rubber Product Manufacturing
3271,0.3807955755995097,0.4559721783586372,14158.0,0.22660151425656447,Clay Product and Refractory Manufacturing
3272,0.3807955755995097,0.3875326569344431,29437.0,0.17156232034821647,Glass and Glass Product Manufacturing
3273,0.3807955755995097,0.46161984901530595,55324.0,0.0008982553117982381,Cement and Concrete Product Manufacturing
3274,0.3807955755995097,0.3878074488339489,7326.0,0.004417879417879418,Lime and Gypsum Product Manufacturing
3279,0.3807955755995097,0.3783309063141658,26677.0,0.1600903927923642,Other Nonmetallic Mineral Product Manufacturing
3311,0.26526176277373037,0.2824724400806743,169598.0,0.0,Iron and Steel Mills and Ferroalloy Manufacturing
3312,0.277344294023413,0.3320989107424734,14317.0,0.04802979807880808,Steel Product Manufacturing from Purchased Steel
3313,0.26483904944081704,0.30279993341125355,46934.0,0.0,Alumina and Aluminum Production and Processing
3314,0.2667502256727358,0.2809279267894045,84916.0,0.0005501000713959667,Nonferrous Metal (except Aluminum) Production and Processing
3315,0.2206716403626107,0.26016837713833385,34585.0,0.00161527589489169,Foundries
3321,0.2676433563457501,0.28234892884280066,38605.0,0.020663635000749588,Forging and Stamping
3322,0.2676433563457501,0.3996266068129011,9994.0,0.5217391304347826,Cutlery and Handtool Manufacturing
3323,0.29150668629329307,0.41296814056070635,89943.0,0.002452754756939567,Architectural and Structural Metals Manufacturing
3324,0.29150668629329307,0.361090153867343,27874.0,0.007000611703935295,"Boiler, Tank, and Shipping Container Manufacturing"
3325,0.2676433563457501,0.3910625481471481,16293.0,0.0846572480897147,Hardware Manufacturing
3326,0.2676433563457501,0.32064024588806456,7206.0,0.02454315059357076,Spring and Wire Product Manufacturing
3327,0.23549120520079303,0.3060001777018719,73123.0,0.008530271734756834,"Machine Shops; Turned Product; and Screw, Nut, and Bolt Manufacturing"
3328,0.2723857826443088,0.3399530627614868,27760.0,0.0,"Coating, Engraving, Heat Treating, and Allied Activities"
3329,0.2676433563457501,0.37242109445262933,83143.0,0.15219966237957117,Other Fabricated Metal Product Manufacturing
3331,0.27989990812763826,0.3958576228589374,20331.0,0.07552495402642946,"Agriculture, Construction, and Mining Machinery Manufacturing"
3332,0.27989990812763826,0.34521436348921086,7779.0,0.03900751520935226,Industrial Machinery Manufacturing
3333,0.2967362798231897,0.44612593704912107,13762.0,0.15425684597278833,Commercial and Service Industry Machinery Manufacturing
3334,0.27989990812763826,0.4093562559457933,45743.0,0.09288785722439971,"Ventilation, Heating, Air-Conditioning, and Commercial Refrigeration Equipment Manufacturing"
3335,0.23828892703314308,0.3087327389300896,12790.0,0.01541749351244085,Metalworking Machinery Manufacturing
3336,0.24785302148547983,0.284066526893118,49787.0,0.011240779048436829,"Engine, Turbine, and Power Transmission Equipment Manufacturing"
3339,0.27989990812763826,0.35520970878891256,46805.0,0.11207023485238901,Other General Purpose Machinery Manufacturing
3341,0.25962801428772175,0.43364187387125547,16909.0,0.7450340286615393,Computer and Peripheral Equipment Manufacturing
3342,0.28741705107262533,0.4129754412840745,40751.0,0.3184804224096551,Communications Equipment Manufacturing
3343,0.31993884192178607,0.2808896442092676,5216.0,0.900886292863592,Audio and Video Equipment Manufacturing
3344,0.25644592624130136,0.3330019967593766,105931.0,0.00853804397828687,Semiconductor and Other Electronic Component Manufacturing
3345,0.27403859404583747,0.38750992317553695,35396.0,0.30290164846426376,"Navigational, Measuring, Electromedical, and Control Instruments Manufacturing"
3346,0.35723972284565314,0.5300250106291121,3335.0,0.05113202747392521,Manufacturing and Reproducing Magnetic and Optical Media
3351,0.3113467470635041,0.46738750032980175,19801.0,0.26595147508264205,Electric Lighting Equipment Manufacturing
3352,0.281879769844418,0.4617513716659692,9670.0,0.8375060788489594,Household Appliance Manufacturing
3353,0.2746960735769087,0.33139440062640513,38249.0,0.01190648348999759,Electrical Equipment Manufacturing
3359,0.27660591994151534,0.38601333632232193,51810.0,0.23730696905806598,Other Electrical Equipment and Component Manufacturing
3361,0.21535966386044456,0.2654916762284076,5494.0,0.9772350481280776,Motor Vehicle Manufacturing
3362,0.26335761240379185,0.2598591392375801,8260.0,0.5904743218717811,Motor Vehicle Body and Trailer Manufacturing
3363,0.2349760675852253,0.31057451728627955,280373.0,0.08389613487151806,Motor Vehicle Parts Manufacturing
3364,0.24562015080378904,0.25848187067255796,62246.0,0.008468595624558928,Aerospace Product and Parts Manufacturing
3365,0.25463240075864296,0.29901792379101344,4762.0,0.0,Railroad Rolling Stock Manufacturing
3366,0.30794116834213675,0.39010665207403805,2155.0,0.5215646208859374,Ship and Boat Building
3369,0.2672747719900249,0.29094233468921965,3698.0,0.82125328659071,Other Transportation Equipment Manufacturing
3371,0.3656551740758058,0.4499283808971848,15075.0,0.7399101087615366,Household and Institutional Furniture and Kitchen Cabinet Manufacturing
3372,0.3656551740758058,0.47821165930216913,12810.0,0.09559613319011816,Office Furniture (including Fixtures) Manufacturing
3379,0.31369408615196,0.3316398391810908,714.0,0.9729072462666717,Other Furniture Related Product Manufacturing
3391,0.3065828078940855,0.6235348526558941,54431.0,0.42678102141305274,Medical Equipment and Supplies Manufacturing
3399,0.3218280381661117,0.4274983626731065,29309.0,0.8448167959085886,Other Miscellaneous Manufacturing
4231,0.5139709699371869,0.30408689037325093,545.0,0.0,Motor Vehicle and Motor Vehicle Parts and Supplies Merchant Wholesalers
4232,0.5087336059141019,0.3607042615738186,4463.0,0.0,Furniture and Home Furnishing Merchant Wholesalers
4233,0.5087336059141019,0.3607042615738186,4463.0,0.0,Lumber and Other Construction Materials Merchant Wholesalers
4234,0.48884841589221945,0.4443457859907889,9736.0,0.0,Professional and Commercial Equipment and Supplies Merchant Wholesalers
4235,0.5087336059141019,0.3607042615738186,4463.0,0.0,Metal and Mineral (except Petroleum) Merchant Wholesalers
4236,0.5087336059141019,0.4397075034138335,4607.0,0.0,Household Appliances and Electrical and Electronic Goods Merchant Wholesalers
4237,0.5087336059141019,0.3607042615738186,4463.0,0.0,"Hardware, and Plumbing and Heating Equipment and Supplies Merchant Wholesalers"
4238,0.5034111638123584,0.3362156115243616,2751.0,0.0,"Machinery, Equipment, and Supplies Merchant Wholesalers"
4239,0.5087336059141019,0.3607042615738186,4463.0,0.0,Miscellaneous Durable Goods Merchant Wholesalers
4241,0.5344696289985675,0.3929195695786654,6405.0,0.0,Paper and Paper Product Merchant Wholesalers
4242,0.501923203545238,0.4962919771474399,14746.0,0.0,Drugs and Druggists' Sundries Merchant Wholesalers
4243,0.5171248110087557,0.3929195695786654,6405.0,0.0,"Apparel, Piece Goods, and Notions Merchant Wholesalers"
4244,0.5415437365226009,0.4298725636934964,5316.0,0.0,Grocery and Related Product Merchant Wholesalers
4245,0.48522604769829625,0.3929195695786654,6405.0,0.0,Farm Product Raw Material Merchant Wholesalers
4246,0.501923203545238,0.3929195695786654,6405.0,0.0,Chemical and Allied Products Merchant Wholesalers
4247,0.5344696289985675,0.3823353851895485,123.0,0.0,Petroleum and Petroleum Products Merchant Wholesalers
4248,0.5415437365226009,0.3929195695786654,6405.0,0.0,"Beer, Wine, and Distilled Alcoholic Beverage Merchant Wholesalers"
4249,0.5344696289985675,0.3929195695786654,6405.0,0.0,Miscellaneous Nondurable Goods Merchant Wholesalers
4251,0.5349599749916432,0.5027378119123824,28134.0,0.0,Wholesale Electronic Markets and Agents and Brokers
4411,0.6325952583182725,0.0,0.0,1.0,Automobile Dealers
4412,0.6405650452958344,0.0,0.0,1.0,Other Motor Vehicle Dealers
4413,0.6674017368920743,0.0,0.0,1.0,"Automotive Parts, Accessories, and Tire Stores"
4421,0.7054620837977812,0.0,0.0,1.0,Furniture Stores
4422,0.7531968236647808,0.0,0.0,1.0,Home Furnishings Stores
4431,0.7519163163700421,0.0,0.0,1.0,Electronics and Appliance Stores
4441,0.7334650056706898,0.0,0.0,1.0,Building Material and Supplies Dealers
4442,0.6738118159555326,0.0,0.0,1.0,Lawn and Garden Equipment and Supplies Stores
4451,0.6838582628398031,0.0,0.0,1.0,Grocery Stores
4452,0.6838582628398031,0.0,0.0,1.0,Specialty Food Stores
4453,0.8091398512972506,0.0,0.0,1.0,"Beer, Wine, and Liquor Stores"
4461,0.7852296215394783,0.0,0.0,1.0,Health and Personal Care Stores
4471,0.7947962502785826,0.0,0.0,1.0,Gasoline Stations
4481,0.8580842869992501,0.0,0.0,1.0,Clothing Stores
4482,0.871824404472954,0.0,0.0,1.0,Shoe Stores
4483,0.8015918755742886,0.0,0.0,1.0,"Jewelry, Luggage, and Leather Goods Stores"
4511,0.8096596223526006,0.0,0.0,1.0,"Sporting Goods, Hobby, and Musical Instrument Stores"
4512,0.8359742129646508,0.0,0.0,1.0,Book Stores and News Dealers
4521,0.7713901657973865,0.0,0.0,1.0,
4522,0.7713901657973865,0.0,0.0,1.0,Department Stores
4523,0.7713901657973865,0.0,0.0,1.0,"General Merchandise Stores, including Warehouse Clubs and Supercenters"
4529,0.7713901657973865,0.0,0.0,1.0,
4531,0.6984714210203493,0.0,0.0,1.0,Florists
4532,0.7878124888626095,0.0,0.0,1.0,"Office Supplies, Stationery, and Gift Stores"
4533,0.7878124888626095,0.0,0.0,1.0,Used Merchandise Stores
4539,0.7383987430174356,0.0,0.0,1.0,Other Miscellaneous Store Retailers
4541,0.5124147566313741,0.6867100241623462,811.0,0.8129463257313982,Electronic Shopping and Mail-Order Houses
4542,0.5845500092775449,0.6867100241623462,811.0,0.8129463257313982,Vending Machine Operators
4543,0.5976534097788748,0.6867100241623462,811.0,0.8129463257313982,Direct Selling Establishments
4811,0.6901416840425886,0.46936410896423625,57429.0,0.6266387328190965,Scheduled Air Transportation
4812,0.5503981889163021,0.46936410896423625,57429.0,0.6266387328190965,Nonscheduled Air Transportation
4821,0.3854812809775503,0.5365363368165413,5737.0,0.17530305048621286,Rail Transportation
4831,0.404868733407641,0.4682520830067405,1411.0,0.8333498660847138,"Deep Sea, Coastal, and Great Lakes Water Transportation"
4832,0.36919148762014625,0.4682520830067405,1411.0,0.8333498660847138,Inland Water Transportation
4841,0.5543535225564298,0.5980561988467347,17695.0,0.3466794862990179,General Freight Trucking
4842,0.5543535225564298,0.5980561988467347,17695.0,0.3466794862990179,Specialized Freight Trucking
4851,0.6945321435399562,0.4794662928933211,21339.0,0.5037072978423375,Urban Transit Systems
4852,0.7260410862918294,0.4794662928933211,21339.0,0.5037072978423375,Interurban and Rural Bus Transportation
4853,0.566730679933665,0.4794662928933211,21339.0,0.5037072978423375,Taxi and Limousine Service
4854,0.469407366128917,0.4794662928933211,21339.0,0.5037072978423375,School and Employee Bus Transportation
4855,0.6897572707584844,0.4794662928933211,21339.0,0.5037072978423375,Charter Bus Industry
4859,0.6153914626399201,0.4794662928933211,21339.0,0.5037072978423375,Other Transit and Ground Passenger Transportation
4861,0.35156548724052616,0.36415341790637695,274.0,0.0,Pipeline Transportation of Crude Oil
4862,0.32586777999955013,0.36415341790637695,274.0,0.0,Pipeline Transportation of Natural Gas
4869,0.2814382956513916,0.36415341790637695,274.0,0.0,Other Pipeline Transportation
4871,0.7063244605545791,0.5341903583955192,109479.0,0.10425015611043924,"Scenic and Sightseeing Transportation, Land"
4872,0.5387315173469212,0.5341903583955192,109479.0,0.10425015611043924,"Scenic and Sightseeing Transportation, Water"
4879,0.6759461093051605,0.5341903583955192,109479.0,0.10425015611043924,"Scenic and Sightseeing Transportation, Other"
4881,0.4802227818896459,0.5341903583955192,109479.0,0.10425015611043924,Support Activities for Air Transportation
4882,0.3642895475487647,0.5341903583955192,109479.0,0.10425015611043924,Support Activities for Rail Transportation
4883,0.41172880390339966,0.5341903583955192,109479.0,0.10425015611043924,Support Activities for Water Transportation
4884,0.5501073286075391,0.5341903583955192,109479.0,0.10425015611043924,Support Activities for Road Transportation
4885,0.4782103785486043,0.5341903583955192,109479.0,0.10425015611043924,Freight Transportation Arrangement
4889,0.4445679490425483,0.5341903583955192,109479.0,0.10425015611043924,Other Support Activities for Transportation
4911,0.537531355298015,0.4886113437090273,52226.0,0.12283681060973638,Postal Service
4921,0.5460809092652668,0.5236567181492006,56404.0,0.07901426466540373,Couriers and Express Delivery Services
4922,0.5536594544413462,0.5236567181492006,56404.0,0.07901426466540373,Local Messengers and Local Delivery
4931,0.4555602983870265,0.5935600547294481,108042.0,0.0014647172827708165,Warehousing and Storage
5111,0.4993496937220888,0.525667196530032,11822.0,0.7275377969762419,"Newspaper, Periodical, Book, and Directory Publishers"
5112,0.28319679666267383,0.4168064260613136,15845.0,0.7155809859154929,Software Publishers
5121,0.6039929471746447,0.535585006675988,53695.0,0.3066063234647055,Motion Picture and Video Industries
5122,0.48699564444177673,0.5028856007166157,6982.0,0.5328987824375846,Sound Recording Industries
5151,0.6063078480069091,0.5852740795830139,30789.0,0.16065750207915463,Radio and Television Broadcasting
5152,0.5163717941051912,0.5019178935818669,7555.0,0.0,Cable and Other Subscription Programming
5171,0.49698886729149877,0.4858476206467567,113104.0,0.5595322545957623,
5172,0.49698886729149877,0.4893104657989984,73280.0,0.5403578774803198,
5173,0.49698886729149877,0.47398195238121493,14022.0,0.2985819436936,Wired and Wireless Telecommunications Carriers
5174,0.49698886729149877,0.47398195238121493,14022.0,0.2985819436936,Satellite Telecommunications
5175,0.49698886729149877,0.47398195238121493,14022.0,0.2985819436936,
5176,0.49698886729149877,0.47398195238121493,14022.0,0.2985819436936,
5177,0.49698886729149877,0.47398195238121493,14022.0,0.2985819436936,
5178,0.49698886729149877,0.47398195238121493,14022.0,0.2985819436936,
5179,0.49698886729149877,0.47398195238121493,14022.0,0.2985819436936,Other Telecommunications
5182,0.3360350794838755,0.4805103880016736,54571.0,0.17223162812627246,"Data Processing, Hosting, and Related Services"
5191,0.4105372963611,0.49306440513384325,37613.0,0.2779107142857143,Other Information Services
5211,0.36904628152472935,0.4943188369837524,197106.0,0.4351360416202612,Monetary Authorities-Central Bank
5221,0.5750584719268198,0.4943188369837524,197106.0,0.4351360416202612,Depository Credit Intermediation
5222,0.5588572780223144,0.5148693258118071,140661.0,0.12748127763241,Nondepository Credit Intermediation
5223,0.5750584719268198,0.5148693258118071,140661.0,0.12748127763241,Activities Related to Credit Intermediation
5231,0.4716326569535913,0.480813493811953,100906.0,0.23447465468439374,Securities and Commodity Contracts Intermediation and Brokerage
5232,0.4716326569535913,0.480813493811953,100906.0,0.23447465468439374,Securities and Commodity Exchanges
5239,0.4716326569535913,0.4925326898653265,93202.0,0.6048354623715635,Other Financial Investment Activities
5241,0.4788667767600328,0.5216734055382496,202724.0,0.5489517606350499,Insurance Carriers
5242,0.5328476696152881,0.5049825397979512,293482.0,0.0,"Agencies, Brokerages, and Other Insurance Related Activities"
5251,0.4905749736703529,0.5045450475380123,15470.0,0.889288858036398,Insurance and Employee Benefit Funds
5259,0.4953525008964298,0.5045450475380123,15470.0,0.889288858036398,Other Investment Pools and Funds
5311,0.5365666039862879,0.5147639016426413,755582.0,0.006068697806017055,Lessors of Real Estate
5312,0.5365666039862877,0.5147639016426413,755582.0,0.006068697806017055,Offices of Real Estate Agents and Brokers
5313,0.5365666039862877,0.5147639016426413,755582.0,0.006068697806017055,Activities Related to Real Estate
5321,0.6091881209486057,0.49820697038788225,45008.0,0.521526489757432,Automotive Equipment Rental and Leasing
5322,0.5723570789974011,0.5028645975850712,11573.0,0.5961973339681028,Consumer Goods Rental
5323,0.5723570789974011,0.5028645975850712,11573.0,0.5961973339681028,General Rental Centers
5324,0.5723570789974011,0.49605866114793723,75784.0,0.006106212627951758,Commercial and Industrial Machinery and Equipment Rental and Leasing
5331,0.4835456041235491,0.43469836684288893,91917.0,0.0,Lessors of Nonfinancial Intangible Assets (except Copyrighted Works)
5411,0.5221415358331065,0.471439997697447,181120.0,0.32019345248578696,Legal Services
5412,0.4418825273343861,0.48485291848594064,131113.0,0.09551060742519764,"Accounting, Tax Preparation, Bookkeeping, and Payroll Services"
5413,0.38219282855963305,0.44948909746815396,157541.0,0.0,"Architectural, Engineering, and Related Services"
5414,0.4441778942678763,0.4544775003194678,19393.0,0.14326679998490738,Specialized Design Services
5415,0.2742133882784176,0.4709421899516729,138452.0,0.0,Computer Systems Design and Related Services
5416,0.4246693534678587,0.479785629603303,215301.0,0.0,"Management, Scientific, and Technical Consulting Services"
5417,0.3448245863135689,0.37506289688243266,7806.0,0.3939887860216456,Scientific Research and Development Services
5418,0.5484220907232149,0.49454600855934344,305921.0,0.004810302379900259,"Advertising, Public Relations, and Related Services"
5419,0.6223089152968756,0.4639832092287949,79679.0,0.2508834228304175,"Other Professional, Scientific, and Technical Services"
5511,0.44359639296051606,0.4514651521407278,461212.0,0.0,Management of Companies and Enterprises
5611,0.4879593025538754,0.4918739874477083,39826.0,0.0,Office Administrative Services
5612,0.5028285311614878,0.46845536804857335,19326.0,0.0,Facilities Support Services
5613,0.4337006144799763,0.48003231622105913,239437.0,0.00428520510660359,Employment Services
5614,0.5042344764351072,0.5019371282682983,61893.0,0.05608542112726969,Business Support Services
5615,0.6568372095586251,0.510191027378701,17106.0,0.4261040077361126,Travel Arrangement and Reservation Services
5616,0.7450658536431338,0.48410276570593797,38751.0,0.17386768833927624,Investigation and Security Services
5617,0.4448018467444149,0.4958828151254478,114101.0,0.10395484212383137,Services to Buildings and Dwellings
5619,0.4860465228941657,0.49386985122597143,25403.0,0.09395532194480946,Other Support Services
5621,0.5438659989861234,0.47350390113076224,53843.0,0.24129407262610278,Waste Collection
5622,0.49289181742543664,0.47350390113076224,53843.0,0.24129407262610278,Waste Treatment and Disposal
5629,0.4950288644463268,0.47350390113076224,53843.0,0.24129407262610278,Remediation and Other Waste Management Services
6111,0.540841731843263,0.0,0.0,1.0,Elementary and Secondary Schools
6112,0.5249687725842315,0.5741427751793657,8749.0,0.9255082390131352,Junior Colleges
6113,0.49711227266547797,0.5741427751793657,8749.0,0.9255082390131352,"Colleges, Universities, and Professional Schools"
6114,0.4767390704739185,0.5630167718835337,8797.0,0.7568827525509503,Business Schools and Computer and Management Training
6115,0.567950089807844,0.5630167718835337,8797.0,0.7568827525509503,Technical and Trade Schools
6116,0.542131333262217,0.5630167718835337,8797.0,0.7568827525509503,Other Schools and Instruction
6117,0.5141881325761938,0.5630167718835337,8797.0,0.7568827525509503,Educational Support Services
6211,0.6898682253473644,0.0,0.0,0.998715656460995,Offices of Physicians
6212,0.7053963874785947,0.0,0.0,1.0,Offices of Dentists
6213,0.7088697502523353,0.0,0.0,0.9738635257471041,Offices of Other Health Practitioners
6214,0.668805599980409,0.0,0.0,0.9906053466773107,Outpatient Care Centers
6215,0.5495729889252954,0.6765376925263584,17039.0,0.6714982337582552,Medical and Diagnostic Laboratories
6216,0.5350603467807682,0.0,0.0,1.0,Home Health Care Services
6219,0.6093672871275592,0.6411173086312417,10499.0,0.6637142013581341,Other Ambulatory Health Care Services
6221,0.6445029688877568,0.6423869975947022,410.0,0.999519892268509,General Medical and Surgical Hospitals
6222,0.6070238075229791,0.6423869975947022,410.0,0.999519892268509,Psychiatric and Substance Abuse Hospitals
6223,0.6367613935524308,0.6423869975947022,410.0,0.999519892268509,Specialty (except Psychiatric and Substance Abuse) Hospitals
6231,0.5786971685693918,0.0,0.0,0.9880624862590839,Nursing Care Facilities (Skilled Nursing Facilities)
6232,0.5102693915774604,0.0,0.0,0.986965931473871,"Residential Intellectual and Developmental Disability, Mental Health, and Substance Abuse Facilities"
6233,0.5403052895470746,0.0,0.0,0.9880624862590839,Continuing Care Retirement Communities and Assisted Living Facilities for the Elderly
6239,0.5816885166811583,0.0,0.0,0.986965931473871,Other Residential Care Facilities
6241,0.47049088780714576,0.0,0.0,1.0,Individual and Family Services
6242,0.6296285560349173,0.0,0.0,1.0,"Community Food and Housing, and Emergency and Other Relief Services"
6243,0.5240549560359505,0.0,0.0,1.0,Vocational Rehabilitation Services
6244,0.4728893417611175,0.0,0.0,0.9966903574838231,Child Day Care Services
7111,0.645281871798856,0.4011279395779184,5261.0,0.7886496292790661,Performing Arts Companies
7112,0.6365650033399611,0.5694286914429901,16824.0,0.481312809302608,Spectator Sports
7113,0.6257960497087025,0.5645374046306784,12649.0,0.47123218986336857,"Promoters of Performing Arts, Sports, and Similar Events"
7114,0.45524680098217285,0.5645374046306784,12649.0,0.47123218986336857,"Agents and Managers for Artists, Athletes, Entertainers, and Other Public Figures"
7115,0.5465270398392608,0.5309480833939199,30409.0,0.004131851987879901,"Independent Artists, Writers, and Performers"
7121,0.6338743011069579,0.0,0.0,1.0,"Museums, Historical Sites, and Similar Institutions"
7131,0.7409758744936131,0.5634718278796185,313.0,0.9741797549543623,Amusement Parks and Arcades
7132,0.6793699771609084,0.0,0.0,0.9977566024744008,Gambling Industries
7139,0.6570778752516081,0.5018071581908425,4932.0,0.9119454737562689,Other Amusement and Recreation Industries
7211,0.6482117064861391,0.4639902466150407,46213.0,0.7084395760202157,Traveler Accommodation
7212,0.5826079874925403,0.4639902466150407,46213.0,0.7084395760202157,RV (Recreational Vehicle) Parks and Recreational Camps
7213,0.5941127197112366,0.4639902466150407,46213.0,0.7084395760202157,"Rooming and Boarding Houses, Dormitories, and Workers' Camps"
7223,0.666228363950475,0.5786678381051782,59156.0,0.5672565483558024,Special Food Services
7224,0.7187561862681904,0.5786678381051782,59156.0,0.5672565483558024,Drinking Places (Alcoholic Beverages)
7225,0.6849827342391702,,0.0,,Restaurants and Other Eating Places
8111,0.4567417048490817,0.498911909087313,45603.0,0.7433409610983982,Automotive Repair and Maintenance
8112,0.446173600855814,0.4969487667564345,30770.0,0.10418384389336377,Electronic and Precision Equipment Repair and Maintenance
8113,0.34066905147654974,0.4831892339271493,56219.0,0.0,Commercial and Industrial Machinery and Equipment (except Automotive and Electronic) Repair and Maintenance
8114,0.5250414934635198,0.5054422359606212,14864.0,0.49368299614508004,Personal and Household Goods Repair and Maintenance
8121,0.7802473425118607,0.7802473425118606,337.0,0.9946983681606734,Personal Care Services
8122,0.7120563924103098,0.0,0.0,1.0,Death Care Services
8123,0.47739614013850384,0.5629793033140068,12008.0,0.4628894080996885,Drycleaning and Laundry Services
8129,0.6353841642736656,0.5151354383594322,5874.0,0.8775523025695797,Other Personal Services
8131,0.5740223638576526,0.0,0.0,1.0,Religious Organizations
8132,0.577920411212227,0.5733890889509763,219.0,0.9949795760023733,Grantmaking and Giving Services
8133,0.5942593251097563,0.5733890889509763,219.0,0.9949795760023733,Social Advocacy Organizations
8134,0.6331749460136614,0.49869128576690325,16982.0,0.7633018398806564,Civic and Social Organizations
8139,0.5035720432128652,0.49869128576690325,16982.0,0.7633018398806564,"Business, Professional, Labor, Political, and Similar Organizations"
9991,0.48738068047879995,,,,
9992,0.5579110735736307,,,,
9993,0.6229332677067333,,,,
